household_id,household_weight,spm_resources_baseline,spm_resources_with_boost,spm_resources_without_boost,spm_threshold,agi,num_children,num_young_children,num_persons,in_poverty_baseline,in_poverty_with_boost,in_poverty_without_boost,gap_baseline,gap_with_boost,gap_without_boost,benefit_with_boost,benefit_without_boost,young_child_boost_impact,pct_of_poverty_baseline,pct_of_poverty_with_boost
6825006,0.24115801,-45411.73046875,-45411.73046875,-45411.73046875,34541.375,794396.4375,2,2,4,True,True,True,79953.10546875,79953.10546875,79953.10546875,0.0,0.0,0.0,-131.47053488388926,-131.47053488388926
6825009,0.18600906,-44855.5859375,-44855.5859375,-44855.5859375,46547.68359375,780524.1875,3,1,5,True,True,True,91403.26953125,91403.26953125,91403.26953125,0.0,0.0,0.0,-96.3648080299377,-96.3648080299377
6825045,1.3418281,12600.712890625,13200.712890625,13200.712890625,48028.4765625,0.0,3,0,4,True,True,True,35427.763671875,34827.763671875,34827.763671875,600.0,600.0,0.0,26.2359204215598,27.485179284099846
6825096,0.7419443,29891.810546875,30491.810546875,30491.810546875,48246.8125,0.0,2,0,4,True,True,True,18355.001953125,17755.001953125,17755.001953125,600.0,600.0,0.0,61.956031907548294,63.1996373788942
6825097,0.079957105,-98616.765625,-98616.765625,-98616.765625,41691.33203125,833065.0625,1,1,3,True,True,True,140308.09765625,140308.09765625,140308.09765625,0.0,0.0,0.0,-236.5402130857349,-236.5402130857349
6825125,0.45693666,2476.224609375,2476.224609375,2476.224609375,45532.74609375,905186.5,2,0,5,True,True,True,43056.521484375,43056.521484375,43056.521484375,0.0,0.0,0.0,5.438337947543419,5.438337947543419
6825239,516.6699,49315.78125,51115.78125,50215.78125,57027.80078124999,37679.62890625,3,3,6,True,True,True,7712.019531249993,5912.019531249993,6812.019531249993,1800.0,900.0,900.0,86.47673691497918,89.63309219317854
6825274,0.8037989,-54896.3359375,-54896.3359375,-54896.3359375,32200.208984375,748381.125,1,1,3,True,True,True,87096.544921875,87096.544921875,87096.544921875,0.0,0.0,0.0,-170.48440885628472,-170.48440885628472
6825296,0.20082997,-33607.984375,-33607.984375,-33607.984375,37444.59375,777428.9375,3,1,5,True,True,True,71052.578125,71052.578125,71052.578125,0.0,0.0,0.0,-89.7539030584355,-89.7539030584355
6825298,0.35600033,-84173.5546875,-84173.5546875,-84173.5546875,39431.234375,877997.5,3,3,5,True,True,True,123604.7890625,123604.7890625,123604.7890625,0.0,0.0,0.0,-213.469235801726,-213.469235801726
6825326,7.555629,48866.265625,49586.26562499999,49286.26562499999,50538.2578125,69125.078125,4,1,6,True,True,True,1671.9921875,951.9921875000073,1251.9921875000073,719.9999999999927,419.9999999999927,300.0,96.69163073704837,98.11629401426548
6825350,2.990371,-83674.8046875,-83674.8046875,-83674.8046875,41319.51171875,676458.8125,2,0,4,True,True,True,124994.31640625,124994.31640625,124994.31640625,0.0,0.0,0.0,-202.50676062449688,-202.50676062449688
6825381,1.8684657,29884.677734375,31084.677734375,30784.677734375,37119.25,0.0,3,1,4,True,True,True,7234.572265625,6034.572265625,6334.572265625,1200.0,900.0,300.0,80.50991799234897,83.74274193141025
6825396,0.36080796,-16254.7099609375,-16254.7099609375,-16254.7099609375,34306.828125,801248.125,2,0,4,True,True,True,50561.5380859375,50561.5380859375,50561.5380859375,0.0,0.0,0.0,-47.380392911032196,-47.380392911032196
6825446,0.0046971594,-73958.21875,-73958.21875,-73958.21875,39567.421875,676967.3125,3,3,5,True,True,True,113525.640625,113525.640625,113525.640625,0.0,0.0,0.0,-186.91695148510354,-186.91695148510354
6825466,2.366322,30071.68359375,31871.68359375,31871.68359375,70473.82812499999,1846.640380859375,8,0,12,True,True,True,40402.144531249985,38602.144531249985,38602.144531249985,1800.0,1800.0,0.0,42.67071109066421,45.22485075909165
6825497,102.120026,15089.7431640625,15689.7431640625,15689.7431640625,34339.25390625,9291.6103515625,2,0,4,True,True,True,19249.5107421875,18649.5107421875,18649.5107421875,600.0,600.0,0.0,43.9431305212955,45.690402030566105
6825500,0.22911668,-12353.546875,-12353.546875,-12353.546875,37821.81640625,860340.375,2,2,4,True,True,True,50175.36328125,50175.36328125,50175.36328125,0.0,0.0,0.0,-32.66248966551113,-32.66248966551113
6825501,0.2284191,-35103.6875,-35103.6875,-35103.6875,38043.39453125,794705.1249999999,4,1,6,True,True,True,73147.08203125,73147.08203125,73147.08203125,0.0,0.0,0.0,-92.27275308244317,-92.27275308244317
6825507,2.8682911,-17499.05859375,-17499.05859375,-17499.05859375,36459.921875,544482.20703125,2,0,5,True,True,True,53958.98046875,53958.98046875,53958.98046875,0.0,0.0,0.0,-47.995326632196736,-47.995326632196736
6825510,0.26972148,22780.37109375,22780.37109375,22780.37109375,37821.81640625,871297.625,2,2,4,True,True,True,15041.4453125,15041.4453125,15041.4453125,0.0,0.0,0.0,60.2307695882781,60.2307695882781
6825537,0.3266911,-42548.80859375,-42548.80859375,-42548.80859375,34368.4375,517839.4375,3,2,5,True,True,True,76917.24609375,76917.24609375,76917.24609375,0.0,0.0,0.0,-123.8019871975559,-123.8019871975559
6825559,0.3797466,-46892.203125,-46892.203125,-46892.203125,33244.33203125,517449.625,1,1,3,True,True,True,80136.53515625,80136.53515625,80136.53515625,0.0,0.0,0.0,-141.0532270009843,-141.0532270009843
6825608,2.8606637,19996.193359375,20596.193359375,20596.193359375,49952.42578125,19451.537109375,2,0,4,True,True,True,29956.232421875,29356.232421875,29356.232421875,600.0,600.0,0.0,40.03047509032227,41.23161795899396
6825641,1.9122776,48825.48046875,49725.48046875,49725.48046875,55642.125,58279.38395690918,3,0,5,True,True,True,6816.64453125,5916.64453125,5916.64453125,900.0,900.0,0.0,87.7491297622979,89.36660932476967
6825645,54.416664,37683.57421875,38493.57421875,37893.57421875,40279.71484375,41115.377685546875,2,2,4,True,True,True,2596.140625,1786.140625,2386.140625,810.0,210.0,600.0,93.55471945352456,95.56565722491169
6825646,4.714467,-13369.947265625,-13369.947265625,-13369.947265625,49266.07421875,553097.65625,2,1,5,True,True,True,62636.021484375,62636.021484375,62636.021484375,0.0,0.0,0.0,-27.13824366492059,-27.13824366492059
6825671,227.62961,30063.693359375,30363.693359375,30363.693359375,37808.84765625,0.0,1,0,4,True,True,True,7745.154296875,7445.154296875,7445.154296875,300.0,300.0,0.0,79.51496864624838,80.30843371751301
6825673,0.1388288,-45472.87890625,-45472.87890625,-45472.87890625,30380.0234375,806241.875,2,2,4,True,True,True,75852.90234375,75852.90234375,75852.90234375,0.0,0.0,0.0,-149.68019692216538,-149.68019692216538
6825684,0.5255751,-57568.3671875,-57568.3671875,-57568.3671875,32104.01171875,697982.25,1,0,3,True,True,True,89672.37890625,89672.37890625,89672.37890625,0.0,0.0,0.0,-179.31829732630524,-179.31829732630524
6825685,22.311903,23642.82421875,23642.82421875,23642.82421875,28021.564453125,2004.6877212524414,1,0,3,True,True,True,4378.740234375,4378.740234375,4378.740234375,0.0,0.0,0.0,84.3736767741864,84.3736767741864
6825691,0.3316302,-9464.427734375,-9464.427734375,-9464.427734375,37808.84765625,792241.0,1,0,4,True,True,True,47273.275390625,47273.275390625,47273.275390625,0.0,0.0,0.0,-25.032309422449377,-25.032309422449377
6825716,1.0557472,-24030.697265625,-24030.697265625,-24030.697265625,29315.3671875,672605.3125,2,0,4,True,True,True,53346.064453125,53346.064453125,53346.064453125,0.0,0.0,0.0,-81.9730386180243,-81.9730386180243
6825718,0.33689022,-64363.3203125,-64363.3203125,-64363.3203125,35710.875,473115.5,2,2,4,True,True,True,100074.1953125,100074.1953125,100074.1953125,0.0,0.0,0.0,-180.23450927063533,-180.23450927063533
6825744,2.2799742,-54448.1171875,-54448.1171875,-54448.1171875,41372.4765625,768799.25,2,1,4,True,True,True,95820.59375,95820.59375,95820.59375,0.0,0.0,0.0,-131.6046843491399,-131.6046843491399
6825750,0.33269617,-23201.103515625,-23201.103515625,-23201.103515625,31481.431640625,554412.1875,2,1,4,True,True,True,54682.53515625,54682.53515625,54682.53515625,0.0,0.0,0.0,-73.69773960878354,-73.69773960878354
6825765,5.047456,13730.69921875,14630.69921875,14330.69921875,41385.4453125,0.0,2,1,5,True,True,True,27654.74609375,26754.74609375,27054.74609375,900.0,600.0,300.0,33.17760414336487,35.35228172192934
6825768,0.69497687,-49736.3828125,-49736.3828125,-49736.3828125,32557.978515625,803728.0,3,1,5,True,True,True,82294.361328125,82294.361328125,82294.361328125,0.0,0.0,0.0,-152.7625027107591,-152.7625027107591
6825785,7.4200015,43849.59765625,45226.08984375,44626.08984375,47284.8359375,34843.5390625,3,2,5,True,True,True,3435.23828125,2058.74609375,2658.74609375,1376.4921875,776.4921875,600.0,92.73501067913058,95.64607542157658
6825821,0.6636734,39179.078125,39284.078125,39284.078125,51702.35546875,710075.359375,1,0,4,True,True,True,12523.27734375,12418.27734375,12418.27734375,105.0,105.0,0.0,75.77812997065611,75.98121549557666
6825822,197.43729,42144.69921875,42654.69921875,42354.69921875,46415.81640625,48136.765625,2,1,4,True,True,True,4271.1171875,3761.1171875,4061.1171875,510.0,210.0,300.0,90.79814270610377,91.89690610075415
6825834,4.5838447,23898.068359375,24198.068359375,24198.068359375,40135.9609375,26308.14453125,1,0,3,True,True,True,16237.892578125,15937.892578125,15937.892578125,300.0,300.0,0.0,59.54278358150996,60.29024294959924
6825873,3.4647489,23253.08984375,23553.08984375,23553.08984375,56026.91796875,26852.75390625,1,0,5,True,True,True,32773.828125,32473.828125,32473.828125,300.0,300.0,0.0,41.50342493713436,42.03888184048809
6825881,1.121492,-65973.65625,-65973.65625,-65973.65625,46986.515625,774492.6875,3,1,5,True,True,True,112960.171875,112960.171875,112960.171875,0.0,0.0,0.0,-140.40976516866374,-140.40976516866374
6825882,26.329233,19672.53515625,20482.53515625,19882.53515625,27335.212890625,38765.7265625,2,2,3,True,True,True,7662.677734375,6852.677734375,7452.677734375,810.0,210.0,600.0,71.96774078535519,74.93095165640644
6825883,0.098693356,-33008.9375,-33008.9375,-33008.9375,43726.61328125,525146.875,5,2,7,True,True,True,76735.55078125,76735.55078125,76735.55078125,0.0,0.0,0.0,-75.4893531033062,-75.4893531033062
6825886,65.644966,20910.267578125,21210.267578125,21210.267578125,25676.076171875,0.0,1,0,2,True,True,True,4765.80859375,4465.80859375,4465.80859375,300.0,300.0,0.0,81.43871921142546,82.60712203899074
6825898,0.16433945,-23526.3984375,-23526.3984375,-23526.3984375,32327.751953125,830993.8125,3,1,5,True,True,True,55854.150390625,55854.150390625,55854.150390625,0.0,0.0,0.0,-72.77461937846189,-72.77461937846189
6825903,90.34839,12065.39453125,13265.39453125,12665.39453125,36800.39453125,0.0,2,2,4,True,True,True,24735.0,23535.0,24135.0,1200.0,600.0,600.0,32.78604668491899,36.04688129086592
6825905,0.77903384,12887.09765625,12887.09765625,12887.09765625,44853.9609375,906203.8749999999,4,1,6,True,True,True,31966.86328125,31966.86328125,31966.86328125,0.0,0.0,0.0,28.73123663305237,28.73123663305237
6825909,1.099154,-57657.47265625,-57657.47265625,-57657.47265625,32580.67578125,689508.4375,3,0,5,True,True,True,90238.1484375,90238.1484375,90238.1484375,0.0,0.0,0.0,-176.96831411161693,-176.96831411161693
6825918,0.19577374,10642.1337890625,10642.1337890625,10642.1337890625,36079.453125,910476.375,1,1,3,True,True,True,25437.3193359375,25437.3193359375,25437.3193359375,0.0,0.0,0.0,29.496383307673817,29.496383307673817
6825924,0.1756208,42117.58203125,42117.58203125,42117.58203125,50134.01171875,494320.03125,2,0,5,True,True,True,8016.4296875,8016.4296875,8016.4296875,0.0,0.0,0.0,84.00999757914471,84.00999757914471
6825934,19.344988,19170.462890625,19770.462890625,19470.462890625,31711.65625,11614.513671875,1,1,3,True,True,True,12541.193359375,11941.193359375,12241.193359375,600.0,300.0,300.0,60.45241768356075,62.344466447175876
6825962,15.429654,7360.18896484375,7660.18896484375,7660.18896484375,41032.0,-11626.73046875,1,0,4,True,True,True,33671.81103515625,33371.81103515625,33371.81103515625,300.0,300.0,0.0,17.93768026136613,18.668816935181688
6825982,0.7109448,-74909.328125,-74909.328125,-74909.328125,29244.029296875,712502.5,1,0,3,True,True,True,104153.357421875,104153.357421875,104153.357421875,0.0,0.0,0.0,-256.15255464473483,-256.15255464473483
6825983,0.28236514,-82944.8046875,-82944.8046875,-82944.8046875,33224.875,663528.375,2,0,4,True,True,True,116169.6796875,116169.6796875,116169.6796875,0.0,0.0,0.0,-249.64670201919495,-249.64670201919495
6825988,1.3431134,17670.48828125,17670.48828125,17670.48828125,30684.830078125,850707.0625,1,1,3,True,True,True,13014.341796875,13014.341796875,13014.341796875,0.0,0.0,0.0,57.58704948425694,57.58704948425694
6826029,23.383606,34216.69140625,35416.69140625,35116.69140625,40546.69140625,21612.818359375,3,1,5,True,True,True,6330.0,5130.0,5430.0,1200.0,900.0,300.0,84.38836861785404,87.34791959077272
6826059,2.0562184,-37754.59375,-37754.59375,-37754.59375,40780.16015625,764728.5,2,1,4,True,True,True,78534.75390625,78534.75390625,78534.75390625,0.0,0.0,0.0,-92.58078831800198,-92.58078831800198
6826088,0.27470398,30270.486328125,30570.486328125,30570.486328125,45745.67578125,0.8272702097892761,1,0,4,True,True,True,15475.189453125,15175.189453125,15175.189453125,300.0,300.0,0.0,66.17125184219512,66.82705153227853
6826097,0.4797476,-51592.58984375,-51592.58984375,-51592.58984375,40438.60546875,713220.5,2,1,4,True,True,True,92031.1953125,92031.1953125,92031.1953125,0.0,0.0,0.0,-127.58251489067678,-127.58251489067678
6826112,0.71509796,-102742.9140625,-102742.9140625,-102742.9140625,42321.48046875,638811.7919921875,2,0,5,True,True,True,145064.39453125,145064.39453125,145064.39453125,0.0,0.0,0.0,-242.76776928530404,-242.76776928530404
6826113,0.62682265,-167748.5625,-167748.5625,-167748.5625,44733.984375,1598868.0,3,0,5,True,True,True,212482.546875,212482.546875,212482.546875,0.0,0.0,0.0,-374.9913289497813,-374.9913289497813
6826121,0.32293692,-30470.634765625,-30470.634765625,-30470.634765625,27888.6171875,549962.9375,1,1,3,True,True,True,58359.251953125,58359.251953125,58359.251953125,0.0,0.0,0.0,-109.25832055697006,-109.25832055697006
6826149,0.3546812,-53049.66796875,-53049.66796875,-53049.66796875,36592.8671875,755370.625,2,2,4,True,True,True,89642.53515625,89642.53515625,89642.53515625,0.0,0.0,0.0,-144.97270109206306,-144.97270109206306
6826167,0.31087115,28834.666015625,29344.666015625,29044.666015625,34893.73828125,35074.296875,2,1,4,True,True,True,6059.072265625,5549.072265625,5849.072265625,510.0,210.0,300.0,82.63564592366758,84.0972262103348
6826188,0.38943982,-60742.51171875,-60742.51171875,-60742.51171875,34565.15234375,720157.625,2,0,4,True,True,True,95307.6640625,95307.6640625,95307.6640625,0.0,0.0,0.0,-175.73338348017822,-175.73338348017822
6826194,0.13343257,-52842.54296875,-52842.54296875,-52842.54296875,45677.58203125001,771458.1875,5,1,7,True,True,True,98520.125,98520.125,98520.125,0.0,0.0,0.0,-115.68594618821577,-115.68594618821577
6826199,0.6263517,30138.2265625,30138.2265625,30138.2265625,46276.38671875,950195.5,3,1,5,True,True,True,16138.16015625,16138.16015625,16138.16015625,0.0,0.0,0.0,65.12657685585631,65.12657685585631
6826200,0.31526384,-47687.09765625,-47687.09765625,-47687.09765625,37908.28515625,724835.0625,1,1,3,True,True,True,85595.3828125,85595.3828125,85595.3828125,0.0,0.0,0.0,-125.79597694723934,-125.79597694723934
6826208,0.91708386,-17801.462890625,-17801.462890625,-17801.462890625,33269.19140625,444104.59375,1,0,3,True,True,True,51070.654296875,51070.654296875,51070.654296875,0.0,0.0,0.0,-53.507350609311146,-53.507350609311146
6826225,0.049107935,-80525.546875,-80525.546875,-80525.546875,36975.49609375,703279.625,2,0,4,True,True,True,117501.04296875,117501.04296875,117501.04296875,0.0,0.0,0.0,-217.78084240122286,-217.78084240122286
6826232,77.94697,24340.552734375,25240.552734375,24940.552734375,28555.515625,0.0,2,1,3,True,True,True,4214.962890625,3314.962890625,3614.962890625,900.0,600.0,300.0,85.2394089254867,88.39116430549483
6826233,0.08662017,-33885.65234375,-33885.65234375,-33885.65234375,29922.81640625,544891.5625,1,1,3,True,True,True,63808.46875,63808.46875,63808.46875,0.0,0.0,0.0,-113.24352588906798,-113.24352588906798
6826246,6.47617,38385.75,39285.75,39285.75,51627.77343750001,50414.147216796875,3,0,7,True,True,True,13242.023437500007,12342.023437500007,12342.023437500007,900.0,900.0,0.0,74.35096934108412,76.09421709336135
6826257,0.22404282,-59474.95703125,-59474.95703125,-59474.95703125,46737.91796875,693871.5625,3,1,5,True,True,True,106212.875,106212.875,106212.875,0.0,0.0,0.0,-127.25204633851313,-127.25204633851313
6826277,2.6554,-57478.90234374999,-57478.90234374999,-57478.90234374999,51022.48828125,686230.125,5,1,7,True,True,True,108501.390625,108501.390625,108501.390625,0.0,0.0,0.0,-112.65405565269664,-112.65405565269664
6826280,2.4838202,-2895.04296875,-2895.04296875,-2895.04296875,34411.671875,581119.875,1,1,3,True,True,True,37306.71484375,37306.71484375,37306.71484375,0.0,0.0,0.0,-8.412968074513236,-8.412968074513236
6826330,0.3704249,-61190.5546875,-61190.5546875,-61190.5546875,46187.75390625,699989.3125,3,0,5,True,True,True,107378.30859375,107378.30859375,107378.30859375,0.0,0.0,0.0,-132.48220472400988,-132.48220472400988
6826380,0.5574873,-29875.837890625,-29875.837890625,-29875.837890625,34568.3984375,807762.6875,1,0,3,True,True,True,64444.236328125,64444.236328125,64444.236328125,0.0,0.0,0.0,-86.42528795379631,-86.42528795379631
6826390,0.19177088,-12977.423828125,-12977.423828125,-12977.423828125,39449.609375,806573.125,2,0,4,True,True,True,52427.033203125,52427.033203125,52427.033203125,0.0,0.0,0.0,-32.89620362210494,-32.89620362210494
6826403,0.06497995,-86941.8671875,-86941.8671875,-86941.8671875,53653.32421875,654243.625,1,1,3,True,True,True,140595.19140625,140595.19140625,140595.19140625,0.0,0.0,0.0,-162.04376607315004,-162.04376607315004
6826404,207.68025,76317.0546875,76527.0546875,76527.0546875,80652.38671874999,83199.84375,2,0,4,True,True,True,4335.332031249985,4125.332031249985,4125.332031249985,210.0,210.0,0.0,94.6246698856314,94.88504655710216
6826429,15.555054,39025.05078124999,39430.05078125,39430.05078125,61083.226562500015,39489.345703125,3,0,7,True,True,True,22058.175781250022,21653.175781250015,21653.175781250015,405.0000000000073,405.0000000000073,0.0,63.88832577683136,64.5513555851628
6826441,7.6802645,41751.75,41961.75,41961.75,42757.0703125,41090.8125,2,0,3,True,True,True,1005.3203125,795.3203125,795.3203125,210.0,210.0,0.0,97.64876240314787,98.1399092438111
6826446,252.63309,41970.875,42075.875,42075.875,57361.79296875,47619.50390625,1,0,4,True,True,True,15390.91796875,15285.91796875,15285.91796875,105.0,105.0,0.0,73.16869440058336,73.35174307212192
6826451,2.6998932,20970.599609375,20970.599609375,20970.599609375,39963.01953125,1009205.375,2,1,4,True,True,True,18992.419921875,18992.419921875,18992.419921875,0.0,0.0,0.0,52.47501278770128,52.47501278770128
6826453,2.4755056,-53981.796875,-53981.796875,-53981.796875,62985.55859375,713220.5625,2,0,5,True,True,True,116967.35546875,116967.35546875,116967.35546875,0.0,0.0,0.0,-85.70503791698779,-85.70503791698779
6826469,0.35261142,49917.59375,50127.59375,50127.59375,62985.55859375,81304.90454041958,2,0,5,True,True,True,13067.96484375,12857.96484375,12857.96484375,210.0,210.0,0.0,79.25244272574139,79.58585248615087
6826479,0.4384261,-17752.5078125,-17752.5078125,-17752.5078125,31512.775390625,802262.5625,1,1,3,True,True,True,49265.283203125,49265.283203125,49265.283203125,0.0,0.0,0.0,-56.33432026358853,-56.33432026358853
6826483,2.142616,39015.921875,39120.921875,39120.921875,59196.02734375,45296.6015625,1,0,5,True,True,True,20180.10546875,20075.10546875,20075.10546875,105.0,105.0,0.0,65.90969635248565,66.08707312033911
6826496,0.23554757,12754.7294921875,12754.7294921875,12754.7294921875,39879.79296875,466218.84375,3,1,5,True,True,True,27125.0634765625,27125.0634765625,27125.0634765625,0.0,0.0,0.0,31.982938081404207,31.982938081404207
6826497,300.23947,41878.703125,42478.703125,42478.703125,63127.154296875,29188.059200286865,3,0,5,True,True,True,21248.451171875,20648.451171875,20648.451171875,600.0,600.0,0.0,66.34023597523884,67.29069858785451
6826516,0.26762477,-56393.5234375,-56393.5234375,-56393.5234375,50897.10546875,740127.0,2,1,4,True,True,True,107290.62890625,107290.62890625,107290.62890625,0.0,0.0,0.0,-110.79907770418242,-110.79907770418242
6826546,0.317105,-63813.6953125,-63813.6953125,-63813.6953125,58030.8515625,706523.125,2,0,4,True,True,True,121844.546875,121844.546875,121844.546875,0.0,0.0,0.0,-109.96511957742305,-109.96511957742305
6826547,11.622695,-41574.54296875,-41574.54296875,-41574.54296875,64640.37109375,477177.90625,3,0,5,True,True,True,106214.9140625,106214.9140625,106214.9140625,0.0,0.0,0.0,-64.31668362245803,-64.31668362245803
6826613,13.132521,22229.6875,22829.6875,22529.6875,32974.11328125,3880.600830078125,1,1,3,True,True,True,10744.42578125,10144.42578125,10444.42578125,600.0,300.0,300.0,67.41557327226269,69.23518247564702
6826622,1.6478784,-48336.2109375,-48336.2109375,-48336.2109375,51420.24609375,737201.3125,4,0,6,True,True,True,99756.45703125,99756.45703125,99756.45703125,0.0,0.0,0.0,-94.00229405626112,-94.00229405626112
6826647,0.95279044,-41307.65625,-41307.65625,-41307.65625,44902.59765625,766365.25,1,1,3,True,True,True,86210.25390625,86210.25390625,86210.25390625,0.0,0.0,0.0,-91.99391217013562,-91.99391217013562
6826648,0.66520554,1752.427734375,1752.427734375,1752.427734375,51013.83984375,872724.5,2,1,4,True,True,True,49261.412109375,49261.412109375,49261.412109375,0.0,0.0,0.0,3.435200603880243,3.435200603880243
6826727,0.5276888,-22715.11328125,-22715.11328125,-22715.11328125,38702.7265625,774404.9375,1,0,3,True,True,True,61417.83984375,61417.83984375,61417.83984375,0.0,0.0,0.0,-58.69124813355972,-58.69124813355972
6826749,0.068901286,-80852.453125,-80852.453125,-80852.453125,49440.09375,786765.6875,2,2,4,True,True,True,130292.546875,130292.546875,130292.546875,0.0,0.0,0.0,-163.53620511692498,-163.53620511692498
6826767,2.120859,63141.14453125,63141.14453125,63141.14453125,72355.626953125,71941.21484375,1,0,4,True,True,True,9214.482421875,9214.482421875,9214.482421875,0.0,0.0,0.0,87.26500921919379,87.26500921919379
6826845,3.4634519,50043.34375,50643.34375,50643.34375,52099.03515625,74404.83013916016,2,0,5,True,True,True,2055.69140625,1455.69140625,1455.69140625,600.0,600.0,0.0,96.05426204135108,97.20591484682156
6826906,0.9888884,-4528.0830078125,-4528.0830078125,-4528.0830078125,41066.58984375,844472.125,1,0,3,True,True,True,45594.6728515625,45594.6728515625,45594.6728515625,0.0,0.0,0.0,-11.026196781960548,-11.026196781960548
6826916,0.5653946,-5959.984375,-4946.86328125,-5546.86328125,46655.76953125,38479.59375,2,2,4,True,True,True,52615.75390625,51602.6328125,52202.6328125,1013.12109375,413.12109375,600.0,-12.774378034870923,-10.602897199962792
6826970,377.31555,40765.6875,40765.6875,40765.6875,41822.1171875,40990.98046875,1,0,3,True,True,True,1056.4296875,1056.4296875,1056.4296875,0.0,0.0,0.0,97.47399280920251,97.47399280920251
6826999,0.22847886,24382.22265625,24982.22265625,24682.22265625,41066.58984375,31091.5966796875,1,1,3,True,True,True,16684.3671875,16084.3671875,16384.3671875,600.0,300.0,300.0,59.37240649642297,60.83344819061496
6827019,4.0706787,20243.904296875,20543.904296875,20543.904296875,37792.6328125,4797.99755859375,1,0,3,True,True,True,17548.728515625,17248.728515625,17248.728515625,300.0,300.0,0.0,53.565742289802266,54.359547795463605
6827037,0.37262046,20082.1328125,20082.1328125,20082.1328125,30293.5546875,846752.0625,2,0,4,True,True,True,10211.421875,10211.421875,10211.421875,0.0,0.0,0.0,66.29176740617525,66.29176740617525
6827051,1.2384658,23228.40625,23333.40625,23333.40625,24354.171875,35709.23046875,1,0,2,True,True,True,1125.765625,1020.765625,1020.765625,105.0,105.0,0.0,95.37752451293316,95.80866214528183
6827087,2.355411,3124.4619140625,3124.4619140625,3124.4619140625,32071.5859375,805038.6875,1,1,3,True,True,True,28947.1240234375,28947.1240234375,28947.1240234375,0.0,0.0,0.0,9.742149702703644,9.742149702703644
6827125,0.28658187,10489.134765625,10489.134765625,10489.134765625,33408.62109375,855779.875,2,0,4,True,True,True,22919.486328125,22919.486328125,22919.486328125,0.0,0.0,0.0,31.396491151762262,31.396491151762262
6827161,0.89261013,12804.509765625,14004.509765625,13704.509765625,37562.40625,12.293009757995605,3,1,4,True,True,True,24757.896484375,23557.896484375,23857.896484375,1200.0,900.0,300.0,34.08863021288739,37.28331372707253
6827201,0.7849444,30927.19140625,31137.19140625,31137.19140625,38859.453125,56018.65234375,2,0,5,True,True,True,7932.26171875,7722.26171875,7722.26171875,210.0,210.0,0.0,79.58730481040448,80.12771385662674
6827269,0.47823337,-18694.5625,-18694.5625,-18694.5625,41319.51171875,836292.4375,2,0,4,True,True,True,60014.07421875,60014.07421875,60014.07421875,0.0,0.0,0.0,-45.24390952934898,-45.24390952934898
6827286,42.767,25994.40234375,26894.40234375,26594.40234375,29348.873046875,0.0,2,1,3,True,True,True,3354.470703125,2454.470703125,2754.470703125,900.0,600.0,300.0,88.57035942140826,91.6369166911288
6827311,0.20124361,-5957.90234375,-5957.90234375,-5957.90234375,39178.30859375,828932.25,3,0,5,True,True,True,45136.2109375,45136.2109375,45136.2109375,0.0,0.0,0.0,-15.207145376103465,-15.207145376103465
6827320,0.05573587,-4020.2138671875,-4020.2138671875,-4020.2138671875,38392.515625,800273.5,2,0,4,True,True,True,42412.7294921875,42412.7294921875,42412.7294921875,0.0,0.0,0.0,-10.47134787012931,-10.47134787012931
6827344,5.019245,10883.2685546875,11783.2685546875,11483.2685546875,32342.884765625,0.0,2,1,3,True,True,True,21459.6162109375,20559.6162109375,20859.6162109375,900.0,600.0,300.0,33.649653188186136,36.43233632397292
6827369,0.2626785,-20455.453125,-20455.453125,-20455.453125,35347.703125,816107.8125,2,0,4,True,True,True,55803.15625,55803.15625,55803.15625,0.0,0.0,0.0,-57.86925688682919,-57.86925688682919
6827393,0.4402023,-16866.099609375,-16866.099609375,-16866.099609375,54046.76171874999,786921.9375,3,2,6,True,True,True,70912.861328125,70912.861328125,70912.861328125,0.0,0.0,0.0,-31.20649428941417,-31.20649428941417
6827497,0.21314247,3047.052734375,3047.052734375,3047.052734375,45263.609375,811242.75,4,1,6,True,True,True,42216.556640625,42216.556640625,42216.556640625,0.0,0.0,0.0,6.731793545518595,6.731793545518595
6827516,0.5401459,-23849.595703125,-23849.595703125,-23849.595703125,32574.19140625,812634.1875,1,1,3,True,True,True,56423.787109375,56423.787109375,56423.787109375,0.0,0.0,0.0,-73.21623246356005,-73.21623246356005
6827525,0.033997837,-2896.58544921875,-2296.58544921875,-2296.58544921875,35032.08984375,2233.550537109375,2,0,4,True,True,True,37928.67529296875,37328.67529296875,37328.67529296875,600.0,600.0,0.0,-8.268377542242241,-6.555662135664678
6827532,4.2980623,17289.3046875,17589.3046875,17589.3046875,31487.916015625,19279.29443359375,1,0,3,True,True,True,14198.611328125,13898.611328125,13898.611328125,300.0,300.0,0.0,54.907745177294885,55.860491620886556
6827536,0.012118447,-30818.781250000004,-30818.781250000004,-30818.781250000004,43146.18359375,794544.0624999999,4,2,6,True,True,True,73964.96484375,73964.96484375,73964.96484375,0.0,0.0,0.0,-71.42875379240796,-71.42875379240796
6827592,0.87766784,-18607.72265625,-18607.72265625,-18607.72265625,37821.81640625,757955.5625,2,2,4,True,True,True,56429.5390625,56429.5390625,56429.5390625,0.0,0.0,0.0,-49.19838448894565,-49.19838448894565
6827606,1.7377044,5752.64892578125,6352.64892578125,6352.64892578125,26826.123046875,0.0,2,0,3,True,True,True,21073.47412109375,20473.47412109375,20473.47412109375,600.0,600.0,0.0,21.444205395350192,23.68083123558652
6827628,0.534938,-37389.68359375,-37389.68359375,-37389.68359375,39382.59375,745017.1875,2,0,4,True,True,True,76772.27734375,76772.27734375,76772.27734375,0.0,0.0,0.0,-94.9396168040608,-94.9396168040608
6827643,3.8761082,29719.65234375,30229.65234375,29929.65234375,42238.25390625,68181.6328125,2,1,4,True,True,True,12518.6015625,12008.6015625,12308.6015625,510.0,210.0,300.0,70.3619340177137,71.5693702936828
6827689,2.6980808,18106.21875,18106.21875,18106.21875,55642.125,858869.9375,3,1,5,True,True,True,37535.90625,37535.90625,37535.90625,0.0,0.0,0.0,32.540487535298126,32.540487535298126
6827696,102.90299,9831.30859375,10431.30859375,10131.30859375,27301.705078125,0.0,1,1,2,True,True,True,17470.396484375,16870.396484375,17170.396484375,600.0,300.0,300.0,36.00987031988401,38.20753525796416
6827703,1.6096094,26058.140625,26658.140625,26658.140625,49952.42578125,27800.421875,2,0,4,True,True,True,23894.28515625,23294.28515625,23294.28515625,600.0,600.0,0.0,52.16591630427108,53.36705917294275
6827813,0.05119336,-51619.4140625,-51619.4140625,-51619.4140625,37808.84765625,738965.4375,1,0,4,True,True,True,89428.26171875,89428.26171875,89428.26171875,0.0,0.0,0.0,-136.52734019246694,-136.52734019246694
6827845,83.84746,35377.8994140625,35377.8994140625,35377.8994140625,56807.302734375,35571.35986328125,1,0,3,True,True,True,21429.4033203125,21429.4033203125,21429.4033203125,0.0,0.0,0.0,62.27702726793042,62.27702726793042
6827869,1.2169584,4994.66015625,4994.66015625,4994.66015625,40973.6328125,796053.6875,2,1,4,True,True,True,35978.97265625,35978.97265625,35978.97265625,0.0,0.0,0.0,12.1899373167767,12.1899373167767
6827871,0.9774157,-21369.6328125,-21369.6328125,-21369.6328125,36065.40234375,766056.25,1,0,3,True,True,True,57435.03515625,57435.03515625,57435.03515625,0.0,0.0,0.0,-59.252445345873916,-59.252445345873916
6827872,144.93771,2740.16943359375,3040.16943359375,3040.16943359375,31843.5234375,0.0,1,0,3,True,True,True,29103.35400390625,28803.35400390625,28803.35400390625,300.0,300.0,0.0,8.605107531432388,9.547214332486664
6827881,0.25625154,-38749.5546875,-38749.5546875,-38749.5546875,30747.51953125,741272.125,2,0,4,True,True,True,69497.07421875,69497.07421875,69497.07421875,0.0,0.0,0.0,-126.02497787867797,-126.02497787867797
6827886,0.8958437,-32653.365234375,-32653.365234375,-32653.365234375,41372.4765625,781727.5625,2,1,4,True,True,True,74025.841796875,74025.841796875,74025.841796875,0.0,0.0,0.0,-78.92533381473228,-78.92533381473228
6827920,0.96462125,2470.96484375,3370.96484375,3370.96484375,32038.080078125,0.0,3,0,4,True,True,True,29567.115234375,28667.115234375,28667.115234375,900.0,900.0,0.0,7.712587139193551,10.521744235390782
6827924,0.52594393,589.1976318359375,889.1976318359375,889.1976318359375,29214.845703125,135.22311401367188,1,0,2,True,True,True,28625.648071289062,28325.648071289062,28325.648071289062,300.0,300.0,0.0,2.01677475151927,3.043649933570669
6827973,3.8628044,-8118.142578125,-7818.142578125,-7818.142578125,31218.779296875,14717.1826171875,1,0,3,True,True,True,39336.921875,39036.921875,39036.921875,300.0,300.0,0.0,-26.004035907123463,-25.043075847964356
6828058,0.30370596,-12803.5849609375,-12803.5849609375,-12803.5849609375,48168.98828125,774483.9375,3,2,5,True,True,True,60972.5732421875,60972.5732421875,60972.5732421875,0.0,0.0,0.0,-26.580556116685877,-26.580556116685877
6828108,15.687886,23485.25,23689.26953125,23689.26953125,25545.291015625,34109.4765625,1,0,3,True,True,True,2060.041015625,1856.021484375,1856.021484375,204.01953125,204.01953125,0.0,91.93573087750319,92.73438895943778
6828140,0.61275023,-32917.359375,-32917.359375,-32917.359375,31060.97265625,804602.5625,2,2,4,True,True,True,63978.33203125,63978.33203125,63978.33203125,0.0,0.0,0.0,-105.97658914063808,-105.97658914063808
6828158,46.657944,17492.81640625,17792.81640625,17792.81640625,25685.8046875,0.0,1,0,2,True,True,True,8192.98828125,7892.98828125,7892.98828125,300.0,300.0,0.0,68.10304998839644,69.27101028261293
6828264,600.189,35748.53515625,37883.29296875,36683.29296875,38514.65625,28123.216796875,4,4,5,True,True,True,2766.12109375,631.36328125,1831.36328125,2134.7578125,934.7578125,1200.0,92.8180039416813,98.36071941768921
6828323,205.02516,19626.16015625,20526.16015625,20526.16015625,33629.12109375,10409.447265625,3,0,4,True,True,True,14002.9609375,13102.9609375,13102.9609375,900.0,900.0,0.0,58.360609846260715,61.03686176938119
6828340,0.41461837,-44428.2421875,-44428.2421875,-44428.2421875,47752.85546875,759677.125,4,0,6,True,True,True,92181.09765625,92181.09765625,92181.09765625,0.0,0.0,0.0,-93.03787543464146,-93.03787543464146
6828351,1.8902986,24624.96484375,24624.96484375,24624.96484375,33496.171875,841563.875,2,1,4,True,True,True,8871.20703125,8871.20703125,8871.20703125,0.0,0.0,0.0,73.51575856382843,73.51575856382843
6828360,101.18747,24951.0859375,25551.0859375,25251.0859375,26238.12890625,7293.50732421875,1,1,2,True,True,True,1287.04296875,687.04296875,987.04296875,600.0,300.0,300.0,95.0947608598591,97.38150928671463
6828377,0.3793975,29426.23046875,30026.23046875,29726.23046875,32040.240234375,11158.291015625,1,1,3,True,True,True,2614.009765625,2014.009765625,2314.009765625,600.0,300.0,300.0,91.84147888248195,93.714124017509
6828390,0.19593251,8113.33154296875,8413.33203125,8413.33203125,23667.818359375,0.0,1,0,2,True,True,True,15554.48681640625,15254.486328125,15254.486328125,300.00048828125,300.00048828125,0.0,34.28001440510886,35.5475604193887
6828418,0.862421,-6468.7724609375,-6468.7724609375,-6468.7724609375,45609.48828125,788791.8125,2,2,4,True,True,True,52078.2607421875,52078.2607421875,52078.2607421875,0.0,0.0,0.0,-14.182953382524143,-14.182953382524143
6828523,3.358442,-16182.818359375,-15882.818359375,-15882.818359375,36148.62890625,-2771.570068359375,1,0,3,True,True,True,52331.447265625,52031.447265625,52031.447265625,300.0,300.0,0.0,-44.7674472006794,-43.937540205373885
6828526,8.105113,38520.24609375001,41220.24609375,40020.24609374999,54547.20703125,27298.94921875,5,4,7,True,True,True,16026.960937499993,13326.9609375,14526.960937500007,2699.9999999999927,1499.9999999999854,1200.0000000000073,70.61818228691678,75.56802325394038
6828535,0.24518217,16553.90625,17753.90625,17153.90625,40438.60546875,15793.7236328125,2,2,4,True,True,True,23884.69921875,22684.69921875,23284.69921875,1200.0,600.0,600.0,40.93589790773687,43.90335928799474
6828538,0.27153572,19643.8671875,20543.8671875,20543.8671875,45045.2734375,1113.2460250854492,3,0,5,True,True,True,25401.40625,24501.40625,24501.40625,900.0,900.0,0.0,43.60916404416043,45.60715391372742
6828549,0.9540427,25202.787109375,26102.787109375,26102.787109375,33369.7109375,12938.2626953125,3,0,4,True,True,True,8166.923828125,7266.923828125,7266.923828125,900.0,900.0,0.0,75.52593774809351,78.22299437434256
6828563,5.1176763,37019.99609375,37019.99609375,37019.99609375,40476.43359375,874265.875,2,1,4,True,True,True,3456.4375,3456.4375,3456.4375,0.0,0.0,0.0,91.46061746770667,91.46061746770667
6828601,3.7482715,-47318.54296875,-47318.54296875,-47318.54296875,36592.8671875,759138.5625,2,2,4,True,True,True,83911.41015625,83911.41015625,83911.41015625,0.0,0.0,0.0,-129.31083734513663,-129.31083734513663
6828625,248.26956,27598.79296875,29098.79296875,28498.79296875,37443.51171875,7368.3134765625,3,2,4,True,True,True,9844.71875,8344.71875,8944.71875,1500.0,900.0,600.0,73.70781131869579,77.71384582546689
6828629,0.67522126,-4439.2041015625,-4439.2041015625,-4439.2041015625,34084.16796875,981977.9375,1,0,3,True,True,True,38523.3720703125,38523.3720703125,38523.3720703125,0.0,0.0,0.0,-13.024240772526927,-13.024240772526927
6828641,0.07921591,16302.125,16302.125,16302.125,39022.6640625,840984.375,3,0,5,True,True,True,22720.5390625,22720.5390625,22720.5390625,0.0,0.0,0.0,41.7760432088644,41.7760432088644
6828648,0.2926068,16247.9462890625,16247.9462890625,16247.9462890625,37768.85546875,845163.9375,3,0,5,True,True,True,21520.9091796875,21520.9091796875,21520.9091796875,0.0,0.0,0.0,43.0194298646568,43.0194298646568
6828666,0.21667564,-46053.1640625,-46053.1640625,-46053.1640625,38502.765625,759750.125,3,1,5,True,True,True,84555.9296875,84555.9296875,84555.9296875,0.0,0.0,0.0,-119.61001583895963,-119.61001583895963
6828696,0.3344994,-51607.91015625,-51607.91015625,-51607.91015625,34565.15234375,739117.5625,2,2,4,True,True,True,86173.0625,86173.0625,86173.0625,0.0,0.0,0.0,-149.3061845728611,-149.3061845728611
6828717,0.33964872,18787.255859375,18787.255859375,18787.255859375,37908.28515625,832808.8125,1,1,3,True,True,True,19121.029296875,19121.029296875,19121.029296875,0.0,0.0,0.0,49.55976188829928,49.55976188829928
6828765,0.07455189,14103.0634765625,14403.0634765625,14403.0634765625,24759.498046875,0.0,2,0,3,True,True,True,10656.4345703125,10356.4345703125,10356.4345703125,300.0,300.0,0.0,56.960215630633535,58.1718718582034
6828781,37.992542,-461871.3437500001,-461661.3437500001,-461661.3437500001,53228.54296874999,469179.31640625,2,0,7,True,True,True,515099.8867187501,514889.8867187501,514889.8867187501,210.0,210.0,0.0,-867.713670128376,-867.3191449576921
6828786,0.626377,-9541.05859375,-9541.05859375,-9541.05859375,42377.68359375,783990.773519516,2,2,5,True,True,True,51918.7421875,51918.7421875,51918.7421875,0.0,0.0,0.0,-22.514346667020625,-22.514346667020625
6828824,0.14228559,-26349.365234374996,-26349.365234374996,-26349.365234374996,51022.48828125,771772.0,5,1,7,True,True,True,77371.853515625,77371.853515625,77371.853515625,0.0,0.0,0.0,-51.642650372380984,-51.642650372380984
6828828,25.064999,5842.2080078125,6442.2080078125,6142.2080078125,27342.77734375,0.0,1,1,2,True,True,True,21500.5693359375,20900.5693359375,21200.5693359375,600.0,300.0,300.0,21.366549324397397,23.56091309533725
6828842,0.81068945,49261.8515625,49261.8515625,49261.8515625,59046.8671875,1069960.7958984375,1,0,7,True,True,True,9785.015625,9785.015625,9785.015625,0.0,0.0,0.0,83.42839156236988,83.42839156236988
6828875,5.9972725,29402.234375,29402.234375,29402.234375,46187.75390625,867106.0625,3,0,5,True,True,True,16785.51953125,16785.51953125,16785.51953125,0.0,0.0,0.0,63.6580735982084,63.6580735982084
6828902,0.20420784,-26818.35546875,-26818.35546875,-26818.35546875,54097.5625,795468.6337890625,2,1,5,True,True,True,80915.91796875,80915.91796875,80915.91796875,0.0,0.0,0.0,-49.57405515035913,-49.57405515035913
6828916,0.89259213,-26025.8046875,-26025.8046875,-26025.8046875,55001.171875,790162.0,3,0,5,True,True,True,81026.9765625,81026.9765625,81026.9765625,0.0,0.0,0.0,-47.318636676775355,-47.318636676775355
6829081,0.17694709,36845.7109375,37445.7109375,37445.7109375,50626.88671875,51287.042236328125,2,0,5,True,True,True,13781.17578125,13181.17578125,13181.17578125,600.0,600.0,0.0,72.77893887133682,73.96407988807208
6829136,9.000421,10216.7998046875,10516.7998046875,10516.7998046875,31826.228515625,4399.54638671875,1,0,2,True,True,True,21609.4287109375,21309.4287109375,21309.4287109375,300.0,300.0,0.0,32.101823813875995,33.04444257202611
6829139,0.21914776,37834.7265625,38344.7265625,38044.7265625,44716.6875,42734.00390625,2,1,4,True,True,True,6881.9609375,6371.9609375,6671.9609375,510.0,210.0,300.0,84.60985971400497,85.75037353225237
6829150,0.88601583,-43389.8359375,-43389.8359375,-43389.8359375,43401.26953125,743484.375,1,1,3,True,True,True,86791.10546875,86791.10546875,86791.10546875,0.0,0.0,0.0,-99.97365608454894,-99.97365608454894
6829186,0.9017146,19518.27734375,19518.27734375,19518.27734375,58030.8515625,860549.0625,2,0,4,True,True,True,38512.57421875,38512.57421875,38512.57421875,0.0,0.0,0.0,33.63431143644093,33.63431143644093
6829232,1.7871615,4878.53515625,4878.53515625,4878.53515625,53653.32421875,819947.125,1,1,3,True,True,True,48774.7890625,48774.7890625,48774.7890625,0.0,0.0,0.0,9.092698779221434,9.092698779221434
6829256,4.3064337,-29389.46484375,-29389.46484375,-29389.46484375,51900.15234375,773430.5,4,1,6,True,True,True,81289.6171875,81289.6171875,81289.6171875,0.0,0.0,0.0,-56.62693367274708,-56.62693367274708
6829260,0.2755671,39428.96875,39428.96875,39428.96875,59816.44921875,894101.578125,2,0,5,True,True,True,20387.48046875,20387.48046875,20387.48046875,0.0,0.0,0.0,65.91659863628388,65.91659863628388
6829278,0.2994701,19038.771484375,19038.771484375,19038.771484375,41372.4765625,837792.6875,2,1,4,True,True,True,22333.705078125,22333.705078125,22333.705078125,0.0,0.0,0.0,46.01796427538915,46.01796427538915
6829292,0.2523617,6134.97265625,7334.97265625,6734.97265625,42040.453125,821.4227294921875,2,2,4,True,True,True,35905.48046875,34705.48046875,35305.48046875,1200.0,600.0,600.0,14.5930221969985,17.447415788884886
6829303,188.37578,4725.44970703125,5025.44970703125,5025.44970703125,37375.41796875,-31.10395050048828,1,0,3,True,True,True,32649.96826171875,32349.96826171875,32349.96826171875,300.0,300.0,0.0,12.643202307415669,13.44586891639067
6829306,18.480167,-443240.625,-442340.625,-442640.625,65937.4140625,535713.4931640625,3,1,8,True,True,True,509178.0390625,508278.0390625,508578.0390625,900.0,600.0,300.0,-672.2141462506645,-670.8492155617738
6829325,13.047039,72165.54687499999,73365.546875,73065.54687499999,95013.9140625,110868.947265625,3,1,9,True,True,True,22848.367187500015,21648.3671875,21948.367187500015,1200.0000000000146,900.0,300.00000000001455,75.95260924366258,77.21558215856707
6850013,0.81610954,12973.189453125,12973.189453125,12973.189453125,49440.09375,878964.25,2,1,4,True,True,True,36466.904296875,36466.904296875,36466.904296875,0.0,0.0,0.0,26.240220171760896,26.240220171760896
6850037,0.6405943,-43093.50390625,-43093.50390625,-43093.50390625,38702.7265625,771842.3125,1,0,3,True,True,True,81796.23046875,81796.23046875,81796.23046875,0.0,0.0,0.0,-111.34487860088991,-111.34487860088991
6850048,3.0194838,12600.712890625,13200.712890625,13200.712890625,48028.4765625,0.0,3,0,4,True,True,True,35427.763671875,34827.763671875,34827.763671875,600.0,600.0,0.0,26.2359204215598,27.485179284099846
6850076,0.4800153,-30445.4765625,-30445.4765625,-30445.4765625,49440.09375,787183.0,2,2,4,True,True,True,79885.5703125,79885.5703125,79885.5703125,0.0,0.0,0.0,-61.58053970619747,-61.58053970619747
6850088,0.7107975,25682.25390625,26582.25390625,26282.25390625,32877.9140625,0.0,2,1,3,True,True,True,7195.66015625,6295.66015625,6595.66015625,900.0,600.0,300.0,78.11400035120461,80.8514002917517
6850103,0.5013614,-56098.26953125,-56098.26953125,-56098.26953125,44000.0703125,724840.0,3,3,5,True,True,True,100098.33984375,100098.33984375,100098.33984375,0.0,0.0,0.0,-127.49586337663878,-127.49586337663878
6850111,2.0578654,17406.0,18006.0,18006.0,48246.8125,0.0,2,0,4,True,True,True,30840.8125,30240.8125,30240.8125,600.0,600.0,0.0,36.076994723744704,37.320600195090606
6850117,0.9523524,-39910.3671875,-39910.3671875,-39910.3671875,41907.5078125,804830.1875,2,1,4,True,True,True,81817.875,81817.875,81817.875,0.0,0.0,0.0,-95.23440851234703,-95.23440851234703
6850190,18.256813,931.2890625000036,931.2890625000036,931.2890625000036,72872.28125,581941.8359375,1,1,5,True,True,True,71940.9921875,71940.9921875,71940.9921875,0.0,0.0,0.0,1.2779743498149425,1.2779743498149425
6850201,1.4480338,36525.59765625,36525.59765625,36525.59765625,46655.76953125,513301.8125,2,0,4,True,True,True,10130.171875,10130.171875,10130.171875,0.0,0.0,0.0,78.28741873346485,78.28741873346485
6850235,0.048181266,-29720.3359375,-29720.3359375,-29720.3359375,30293.5546875,786762.1875,2,0,4,True,True,True,60013.890625,60013.890625,60013.890625,0.0,0.0,0.0,-98.10778643868913,-98.10778643868913
6850240,1.7756195,22449.6171875,22449.6171875,22449.6171875,47049.20703125,894105.5,3,1,5,True,True,True,24599.58984375,24599.58984375,24599.58984375,0.0,0.0,0.0,47.7151871498897,47.7151871498897
6850243,456.06354,49062.30859375,50862.30859374999,49962.30859374999,57027.80078124999,37679.62890625,3,3,6,True,True,True,7965.492187499993,6165.4921875,7065.4921875,1799.9999999999927,899.9999999999927,900.0,86.03226482807146,89.1886201062708
6850257,0.16229637,-6358.011718750001,-6358.011718750001,-6358.011718750001,44566.44921875,822943.875,4,2,6,True,True,True,50924.4609375,50924.4609375,50924.4609375,0.0,0.0,0.0,-14.26636366640369,-14.26636366640369
6850279,2.097252,-54896.3359375,-54896.3359375,-54896.3359375,32200.208984375,748381.125,1,1,3,True,True,True,87096.544921875,87096.544921875,87096.544921875,0.0,0.0,0.0,-170.48440885628472,-170.48440885628472
6850299,0.32964557,-47800.7734375,-47800.7734375,-47800.7734375,29326.17578125,748618.8125,2,0,4,True,True,True,77126.94921875,77126.94921875,77126.94921875,0.0,0.0,0.0,-162.9969546457603,-162.9969546457603
6850301,0.5561412,-41668.80859375,-41668.80859375,-41668.80859375,33875.55859375,752413.5625,2,2,4,True,True,True,75544.3671875,75544.3671875,75544.3671875,0.0,0.0,0.0,-123.00552470133393,-123.00552470133393
6850308,1.6164302,-84173.5546875,-84173.5546875,-84173.5546875,39431.234375,877997.5,3,3,5,True,True,True,123604.7890625,123604.7890625,123604.7890625,0.0,0.0,0.0,-213.469235801726,-213.469235801726
6850323,4.153737,49033.40625,49753.40625,49453.40625,50538.2578125,69125.078125,4,1,6,True,True,True,1504.8515625,784.8515625,1084.8515625,720.0,420.0,300.0,97.02235172394923,98.44701500116635
6850346,0.2930835,-83674.8046875,-83674.8046875,-83674.8046875,41319.51171875,676458.8125,2,0,4,True,True,True,124994.31640625,124994.31640625,124994.31640625,0.0,0.0,0.0,-202.50676062449688,-202.50676062449688
6850381,1.7860125,29967.921875,31167.921875,30867.921875,37119.25,0.0,3,1,4,True,True,True,7151.328125,5951.328125,6251.328125,1200.0,900.0,300.0,80.73417936784823,83.96700330690948
6850397,0.61258954,-55952.12109375,-55952.12109375,-55952.12109375,39694.96484374999,690636.0625,5,3,7,True,True,True,95647.0859375,95647.0859375,95647.0859375,0.0,0.0,0.0,-140.95521009778577,-140.95521009778577
6850451,2.1196244,-73958.546875,-73958.546875,-73958.546875,39567.421875,676967.3125,3,3,5,True,True,True,113525.96875,113525.96875,113525.96875,0.0,0.0,0.0,-186.917780765821,-186.917780765821
6850480,2.2383564,30071.68359375,31871.68359375,31871.68359375,70473.82812499999,1846.640380859375,8,0,12,True,True,True,40402.144531249985,38602.144531249985,38602.144531249985,1800.0,1800.0,0.0,42.67071109066421,45.22485075909165
6850499,3.0470014,-64146.03515625,-64146.03515625,-64146.03515625,35468.76171875,707854.625,2,1,4,True,True,True,99614.796875,99614.796875,99614.796875,0.0,0.0,0.0,-180.85219795632227,-180.85219795632227
6850504,0.12008846,-65441.56640625,-65441.56640625,-65441.56640625,39911.140625,710071.5625,3,1,5,True,True,True,105352.70703125,105352.70703125,105352.70703125,0.0,0.0,0.0,-163.96816874047934,-163.96816874047934
6850508,1.7456009,4079.8173828125,4079.8173828125,4079.8173828125,41516.23046875,826489.25,2,0,5,True,True,True,37436.4130859375,37436.4130859375,37436.4130859375,0.0,0.0,0.0,9.827041946603151,9.827041946603151
6850521,0.31335986,27550.484375,27550.484375,27550.484375,39911.140625,920886.1875,3,1,5,True,True,True,12360.65625,12360.65625,12360.65625,0.0,0.0,0.0,69.02955902428559,69.02955902428559
6850527,169.21553,15089.7431640625,15689.7431640625,15689.7431640625,34339.25390625,9291.6103515625,2,0,4,True,True,True,19249.5107421875,18649.5107421875,18649.5107421875,600.0,600.0,0.0,43.9431305212955,45.690402030566105
6850530,1.4013952,-35103.6875,-35103.6875,-35103.6875,38043.39453125,794705.1249999999,4,1,6,True,True,True,73147.08203125,73147.08203125,73147.08203125,0.0,0.0,0.0,-92.27275308244317,-92.27275308244317
6850551,4.8619747,-60065.3671875,-60065.3671875,-60065.3671875,37532.14453125,732560.8125,3,1,5,True,True,True,97597.51171875,97597.51171875,97597.51171875,0.0,0.0,0.0,-160.03713067205206,-160.03713067205206
6850585,3.2908616,42372.8984375,43013.84765625,43013.84765625,52515.16796874999,46458.0546875,4,0,6,True,True,True,10142.269531249993,9501.320312499993,9501.320312499993,640.94921875,640.94921875,0.0,80.6869711674819,81.90747420220781
6850628,2.2537887,-22787.7890625,-22787.7890625,-22787.7890625,43968.7265625,788116.9375,1,1,3,True,True,True,66756.515625,66756.515625,66756.515625,0.0,0.0,0.0,-51.827266432444794,-51.827266432444794
6850632,2.416949,19996.193359375,20596.193359375,20596.193359375,49952.42578125,19451.537109375,2,0,4,True,True,True,29956.232421875,29356.232421875,29356.232421875,600.0,600.0,0.0,40.03047509032227,41.23161795899396
6850665,1.1047454,48825.48046875,49725.48046875,49725.48046875,55642.125,58279.38395690918,3,0,5,True,True,True,6816.64453125,5916.64453125,5916.64453125,900.0,900.0,0.0,87.7491297622979,89.36660932476967
6850675,10.634485,37600.0078125,38410.0078125,37810.0078125,40279.71484375,41115.377685546875,2,2,4,True,True,True,2679.70703125,1869.70703125,2469.70703125,810.0,210.0,600.0,93.34725421556504,95.35819198695218
6850676,5.075445,-13369.947265625,-13369.947265625,-13369.947265625,49266.07421875,553097.65625,2,1,5,True,True,True,62636.021484375,62636.021484375,62636.021484375,0.0,0.0,0.0,-27.13824366492059,-27.13824366492059
6850707,289.00195,16561.03515625,16861.03515625,16861.03515625,37808.84765625,0.0,1,0,4,True,True,True,21247.8125,20947.8125,20947.8125,300.0,300.0,0.0,43.80200980156658,44.59547487283121
6850716,1.528243,-57568.3671875,-57568.3671875,-57568.3671875,32104.01171875,697982.25,1,0,3,True,True,True,89672.37890625,89672.37890625,89672.37890625,0.0,0.0,0.0,-179.31829732630524,-179.31829732630524
6850717,69.03822,23642.82421875,23642.82421875,23642.82421875,28021.564453125,2004.6877212524414,1,0,3,True,True,True,4378.740234375,4378.740234375,4378.740234375,0.0,0.0,0.0,84.3736767741864,84.3736767741864
6850764,4.735345,-28722.1875,-28722.1875,-28722.1875,36065.40234375,727553.125,1,0,3,True,True,True,64787.58984375,64787.58984375,64787.58984375,0.0,0.0,0.0,-79.63917115422795,-79.63917115422795
6850776,0.7049185,-37883.390625,-37883.390625,-37883.390625,30747.51953125,772701.0,2,0,4,True,True,True,68630.91015625,68630.91015625,68630.91015625,0.0,0.0,0.0,-123.20795694266495,-123.20795694266495
6850780,0.5373479,-54448.1171875,-54448.1171875,-54448.1171875,41372.4765625,768799.25,2,1,4,True,True,True,95820.59375,95820.59375,95820.59375,0.0,0.0,0.0,-131.6046843491399,-131.6046843491399
6850796,0.794593,-42087.2421875,-42087.2421875,-42087.2421875,36349.671875,786009.25,2,1,4,True,True,True,78436.9140625,78436.9140625,78436.9140625,0.0,0.0,0.0,-115.784379931215,-115.784379931215
6850799,3.5866182,13750.001953125,14650.001953125,14350.001953125,41385.4453125,0.0,2,1,5,True,True,True,27635.443359375,26735.443359375,27035.443359375,900.0,600.0,300.0,33.22424550297631,35.39892308154079
6850804,2.045696,-49736.3828125,-49736.3828125,-49736.3828125,32557.978515625,803728.0,3,1,5,True,True,True,82294.361328125,82294.361328125,82294.361328125,0.0,0.0,0.0,-152.7625027107591,-152.7625027107591
6850819,11.024501,43641.0,45017.4921875,44417.4921875,47284.8359375,34843.5390625,3,2,5,True,True,True,3643.8359375,2267.34375,2867.34375,1376.4921875,776.4921875,600.0,92.29385940491295,95.20492414735895
6850848,4.9766197,-78994.28125,-78994.28125,-78994.28125,42848.9453125,681853.6875,3,2,5,True,True,True,121843.2265625,121843.2265625,121843.2265625,0.0,0.0,0.0,-184.35525232625875,-184.35525232625875
6850858,20.01158,39179.078125,39284.078125,39284.078125,51702.35546875,710075.359375,1,0,4,True,True,True,12523.27734375,12418.27734375,12418.27734375,105.0,105.0,0.0,75.77812997065611,75.98121549557666
6850860,114.27355,42270.05078125,42780.05078125,42480.05078125,46415.81640625,48136.765625,2,1,4,True,True,True,4145.765625,3635.765625,3935.765625,510.0,210.0,300.0,91.06820487931402,92.1669682739644
6850872,27.62456,23898.068359375,24198.068359375,24198.068359375,40135.9609375,26308.14453125,1,0,3,True,True,True,16237.892578125,15937.892578125,15937.892578125,300.0,300.0,0.0,59.54278358150996,60.29024294959924
6850920,2.762142,-33051.046875,-33051.046875,-33051.046875,43726.61328125,525146.875,5,2,7,True,True,True,76777.66015625,76777.66015625,76777.66015625,0.0,0.0,0.0,-75.58565458160537,-75.58565458160537
6850923,108.2682,20910.267578125,21210.267578125,21210.267578125,25676.076171875,0.0,1,0,2,True,True,True,4765.80859375,4465.80859375,4465.80859375,300.0,300.0,0.0,81.43871921142546,82.60712203899074
6850928,0.8801469,-23526.3984375,-23526.3984375,-23526.3984375,32327.751953125,830993.8125,3,1,5,True,True,True,55854.150390625,55854.150390625,55854.150390625,0.0,0.0,0.0,-72.77461937846189,-72.77461937846189
6850932,107.28732,12148.6396484375,13348.6396484375,12748.6396484375,36800.39453125,0.0,2,2,4,True,True,True,24651.7548828125,23451.7548828125,24051.7548828125,1200.0,600.0,600.0,33.01225381733658,36.273088423283504
6850958,17.540205,19462.958984375,20062.958984375,19762.958984375,31711.65625,11614.513671875,1,1,3,True,True,True,12248.697265625,11648.697265625,11948.697265625,600.0,300.0,300.0,61.37477913779732,63.266827901412434
6850979,0.4675493,-55023.01953125,-55023.01953125,-55023.01953125,32376.392578125,755879.4375,3,2,5,True,True,True,87399.412109375,87399.412109375,87399.412109375,0.0,0.0,0.0,-169.94796254239307,-169.94796254239307
6850992,4.7488317,7360.18896484375,7660.18896484375,7660.18896484375,41032.0,-11626.73046875,1,0,4,True,True,True,33671.81103515625,33371.81103515625,33371.81103515625,300.0,300.0,0.0,17.93768026136613,18.668816935181688
6851016,1.7607596,-15355.16796875,-15355.16796875,-15355.16796875,35451.46875,782319.6875,2,1,4,True,True,True,50806.63671875,50806.63671875,50806.63671875,0.0,0.0,0.0,-43.31320678709539,-43.31320678709539
6851019,1.446566,-82944.8046875,-82944.8046875,-82944.8046875,33224.875,663528.375,2,0,4,True,True,True,116169.6796875,116169.6796875,116169.6796875,0.0,0.0,0.0,-249.64670201919495,-249.64670201919495
6851027,1.2380048,17670.48828125,17670.48828125,17670.48828125,30684.830078125,850707.0625,1,1,3,True,True,True,13014.341796875,13014.341796875,13014.341796875,0.0,0.0,0.0,57.58704948425694,57.58704948425694
6851038,3.9495993,-50931.6953125,-50931.6953125,-50931.6953125,41788.609375,495181.4375,3,0,5,True,True,True,92720.3046875,92720.3046875,92720.3046875,0.0,0.0,0.0,-121.8793735284473,-121.8793735284473
6851054,4.8127313,-55505.56250000001,-55505.56250000001,-55505.56250000001,47752.85546875,722101.25,4,0,6,True,True,True,103258.41796875,103258.41796875,103258.41796875,0.0,0.0,0.0,-116.23506480428895,-116.23506480428895
6851063,7.4543295,-17066.5078125,-17066.5078125,-17066.5078125,30132.50390625,632822.0625,1,1,3,True,True,True,47199.01171875,47199.01171875,47199.01171875,0.0,0.0,0.0,-56.63819995045321,-56.63819995045321
6851070,5.2882133,-76425.734375,-76425.734375,-76425.734375,32468.265625,665603.375,1,0,3,True,True,True,108894.0,108894.0,108894.0,0.0,0.0,0.0,-235.38594656609408,-235.38594656609408
6851075,16.919859,34216.69140625,35416.69140625,35116.69140625,40546.69140625,21612.818359375,3,1,5,True,True,True,6330.0,5130.0,5430.0,1200.0,900.0,300.0,84.38836861785404,87.34791959077272
6851089,0.8635382,-60928.26171875,-60928.26171875,-60928.26171875,36332.37890625,702767.4375,2,0,4,True,True,True,97260.640625,97260.640625,97260.640625,0.0,0.0,0.0,-167.69686861398702,-167.69686861398702
6851099,2.0748355,38845.65234375,38845.65234375,38845.65234375,40145.6875,948715.125,1,1,3,True,True,True,1300.03515625,1300.03515625,1300.03515625,0.0,0.0,0.0,96.76170658118633,96.76170658118633
6851112,0.5322977,8337.6103515625,8337.6103515625,8337.6103515625,47378.87109375,875186.375,3,0,5,True,True,True,39041.2607421875,39041.2607421875,39041.2607421875,0.0,0.0,0.0,17.597739581140758,17.597739581140758
6851130,3.763262,-85330.1328125,-85330.1328125,-85330.1328125,30811.291015625,667788.375,1,0,3,True,True,True,116141.423828125,116141.423828125,116141.423828125,0.0,0.0,0.0,-276.944360329554,-276.944360329554
6851142,0.32157454,30270.486328125,30570.486328125,30570.486328125,45745.67578125,0.8272702097892761,1,0,4,True,True,True,15475.189453125,15175.189453125,15175.189453125,300.0,300.0,0.0,66.17125184219512,66.82705153227853
6851150,1.3953854,-51592.58984375,-51592.58984375,-51592.58984375,40438.60546875,713220.5,2,1,4,True,True,True,92031.1953125,92031.1953125,92031.1953125,0.0,0.0,0.0,-127.58251489067678,-127.58251489067678
6851155,0.69032246,-57984.06249999999,-57384.06249999999,-57684.06249999999,53710.61328125001,800456.625,3,1,6,True,True,True,111694.67578125,111094.67578125,111394.67578125,600.0,300.0,300.0,-107.95643348247117,-106.83933583017262
6851169,2.3667738,-167748.5625,-167748.5625,-167748.5625,44733.984375,1598868.0,3,0,5,True,True,True,212482.546875,212482.546875,212482.546875,0.0,0.0,0.0,-374.9913289497813,-374.9913289497813
6851170,0.49661112,-42536.83984375,-42536.83984375,-42536.83984375,37183.0234375,749234.625,2,0,4,True,True,True,79719.86328125,79719.86328125,79719.86328125,0.0,0.0,0.0,-114.39855049778052,-114.39855049778052
6851182,2.1266322,-62288.1484375,-62288.1484375,-62288.1484375,31684.634765625,729453.625,2,2,4,True,True,True,93972.783203125,93972.783203125,93972.783203125,0.0,0.0,0.0,-196.5878694775964,-196.5878694775964
6851212,4.8108654,-41505.6796875,-41505.6796875,-41505.6796875,34586.7734375,520242.40625,1,1,3,True,True,True,76092.453125,76092.453125,76092.453125,0.0,0.0,0.0,-120.00448599954778,-120.00448599954778
6851222,1.1062633,-92854.03125,-92854.03125,-92854.03125,34084.16796875,827847.6875,1,0,3,True,True,True,126938.19921875,126938.19921875,126938.19921875,0.0,0.0,0.0,-272.42569434328874,-272.42569434328874
6851224,0.32965523,28793.205078125,29303.205078125,29003.205078125,34893.73828125,35074.296875,2,1,4,True,True,True,6100.533203125,5590.533203125,5890.533203125,510.0,210.0,300.0,82.51682535716417,83.97840564383138
6851229,0.68913287,44130.8984375,44130.8984375,44130.8984375,45798.640625,484507.8125000001,5,0,7,True,True,True,1667.7421875,1667.7421875,1667.7421875,0.0,0.0,0.0,96.35853343081621,96.35853343081621
6851247,0.7505135,-51455.15625,-51455.15625,-51455.15625,34565.15234375,746836.75,2,0,4,True,True,True,86020.30859375,86020.30859375,86020.30859375,0.0,0.0,0.0,-148.86425420110731,-148.86425420110731
6851257,0.7051623,-13191.6171875,-13191.6171875,-13191.6171875,36566.92578125,596646.125,1,1,3,True,True,True,49758.54296875,49758.54296875,49758.54296875,0.0,0.0,0.0,-36.07526994862694,-36.07526994862694
6851262,1.275958,-33825.984375,-33825.984375,-33825.984375,47018.94140625,790771.25,2,2,4,True,True,True,80844.92578125,80844.92578125,80844.92578125,0.0,0.0,0.0,-71.94118660124424,-71.94118660124424
6851282,20.161585,24340.552734375,25240.552734375,24940.552734375,28555.515625,0.0,2,1,3,True,True,True,4214.962890625,3314.962890625,3614.962890625,900.0,600.0,300.0,85.2394089254867,88.39116430549483
6851298,4.741374,38385.75,39285.75,39285.75,51627.77343750001,50414.147216796875,3,0,7,True,True,True,13242.023437500007,12342.023437500007,12342.023437500007,900.0,900.0,0.0,74.35096934108412,76.09421709336135
6851301,5.8321157,-6146.2177734375,-6146.2177734375,-6146.2177734375,36932.26171875,812782.125,1,1,3,True,True,True,43078.4794921875,43078.4794921875,43078.4794921875,0.0,0.0,0.0,-16.641866724119822,-16.641866724119822
6851317,0.5960399,-55550.390625,-55550.390625,-55550.390625,34647.30078125,766795.375,2,0,4,True,True,True,90197.69140625,90197.69140625,90197.69140625,0.0,0.0,0.0,-160.33107737807407,-160.33107737807407
6851324,5.971202,-57478.90234374999,-57478.90234374999,-57478.90234374999,51022.48828125,686230.125,5,1,7,True,True,True,108501.390625,108501.390625,108501.390625,0.0,0.0,0.0,-112.65405565269664,-112.65405565269664
6851343,0.58209276,-13967.701171875,-13967.701171875,-13967.701171875,41511.90625,852179.125,2,1,4,True,True,True,55479.607421875,55479.607421875,55479.607421875,0.0,0.0,0.0,-33.647457882941715,-33.647457882941715
6851347,0.6713266,-18569.173828125,-18569.173828125,-18569.173828125,41511.90625,795501.25,2,2,4,True,True,True,60081.080078125,60081.080078125,60081.080078125,0.0,0.0,0.0,-44.73216362624879,-44.73216362624879
6851428,12.181224,-46699.5234375,-46699.5234375,-46699.5234375,48981.8046875,500988.68749999994,4,2,6,True,True,True,95681.328125,95681.328125,95681.328125,0.0,0.0,0.0,-95.34055295724448,-95.34055295724448
6851432,23.351429,-48741.828125,-48741.828125,-48741.828125,41986.41015625,500988.6904296875,1,1,4,True,True,True,90728.23828125,90728.23828125,90728.23828125,0.0,0.0,0.0,-116.08953455084658,-116.08953455084658
6851441,392.4838,76317.0546875,76527.0546875,76527.0546875,80652.38671874999,83199.84375,2,0,4,True,True,True,4335.332031249985,4125.332031249985,4125.332031249985,210.0,210.0,0.0,94.6246698856314,94.88504655710216
6851463,4.9624853,39025.05078124999,39430.05078125,39430.05078125,61083.226562500015,39489.345703125,3,0,7,True,True,True,22058.175781250022,21653.175781250015,21653.175781250015,405.0000000000073,405.0000000000073,0.0,63.88832577683136,64.5513555851628
6851475,8.333203,41751.75,41961.75,41961.75,42757.0703125,41090.8125,2,0,3,True,True,True,1005.3203125,795.3203125,795.3203125,210.0,210.0,0.0,97.64876240314787,98.1399092438111
6851478,64.16395,41970.875,42075.875,42075.875,57361.79296875,47619.50390625,1,0,4,True,True,True,15390.91796875,15285.91796875,15285.91796875,105.0,105.0,0.0,73.16869440058336,73.35174307212192
6851510,1.0939596,3271.544921875,3271.544921875,3271.544921875,39879.79296875,871655.25,3,1,5,True,True,True,36608.248046875,36608.248046875,36608.248046875,0.0,0.0,0.0,8.203515310218885,8.203515310218885
6851515,1.6451321,-17752.5078125,-17752.5078125,-17752.5078125,31512.775390625,802262.5625,1,1,3,True,True,True,49265.283203125,49265.283203125,49265.283203125,0.0,0.0,0.0,-56.33432026358853,-56.33432026358853
6851519,3.162507,39015.921875,39120.921875,39120.921875,59196.02734375,45296.6015625,1,0,5,True,True,True,20180.10546875,20075.10546875,20075.10546875,105.0,105.0,0.0,65.90969635248565,66.08707312033911
6851524,2.1643987,-59133.03515625,-59133.03515625,-59133.03515625,43814.1640625,700444.5625,2,0,4,True,True,True,102947.19921875,102947.19921875,102947.19921875,0.0,0.0,0.0,-134.96328509633994,-134.96328509633994
6851534,1.3270932,12754.7294921875,12754.7294921875,12754.7294921875,39879.79296875,466218.84375,3,1,5,True,True,True,27125.0634765625,27125.0634765625,27125.0634765625,0.0,0.0,0.0,31.982938081404207,31.982938081404207
6851535,26.31739,41878.703125,42478.703125,42478.703125,63127.154296875,29188.059200286865,3,0,5,True,True,True,21248.451171875,20648.451171875,20648.451171875,600.0,600.0,0.0,66.34023597523884,67.29069858785451
6851544,1.6531628,-61637.125,-61637.125,-61637.125,43401.26953125,690154.3125,1,1,3,True,True,True,105038.39453125,105038.39453125,105038.39453125,0.0,0.0,0.0,-142.01687108627027,-142.01687108627027
6851563,1.7244552,-28673.2890625,-28673.2890625,-28673.2890625,44799.9140625,793330.3125,1,1,3,True,True,True,73473.203125,73473.203125,73473.203125,0.0,0.0,0.0,-64.00300014526395,-64.00300014526395
6851575,0.42673227,-41574.54296875,-41574.54296875,-41574.54296875,64640.37109375,477177.90625,3,0,5,True,True,True,106214.9140625,106214.9140625,106214.9140625,0.0,0.0,0.0,-64.31668362245803,-64.31668362245803
6851600,8.874008,-45346.68359375,-45346.68359375,-45346.68359375,70977.515625,852378.15625,2,0,5,True,True,True,116324.19921875,116324.19921875,116324.19921875,0.0,0.0,0.0,-63.88880083283417,-63.88880083283417
6851626,1.2904718,-31703.550781249996,-31703.550781249996,-31703.550781249996,51900.15234375,799573.5,4,1,6,True,True,True,83603.703125,83603.703125,83603.703125,0.0,0.0,0.0,-61.08566034887149,-61.08566034887149
6851629,3.7182286,22271.146484375,22871.146484375,22571.146484375,32974.11328125,3880.600830078125,1,1,3,True,True,True,10702.966796875,10102.966796875,10402.966796875,600.0,300.0,300.0,67.5413051881489,69.36091439153323
6851634,0.43566087,-45147.44531249999,-45147.44531249999,-45147.44531249999,54628.26953124999,755259.75,5,2,7,True,True,True,99775.71484374999,99775.71484374999,99775.71484374999,0.0,0.0,0.0,-82.64483883508974,-82.64483883508974
6851653,92.25964,4296.234375000001,4401.234375000001,4401.234375000001,82387.18749999999,97427.63654327393,1,0,7,True,True,True,78090.95312499999,77985.95312499999,77985.95312499999,105.0,105.0,0.0,5.214687508297333,5.342134509689387
6851665,0.5653591,-39417.1953125,-39417.1953125,-39417.1953125,50031.328125,750267.3125,2,0,4,True,True,True,89448.5234375,89448.5234375,89448.5234375,0.0,0.0,0.0,-78.7850268815945,-78.7850268815945
6851666,3.1524532,8213.07421875,8213.07421875,8213.07421875,67756.5234375,824893.13671875,1,0,5,True,True,True,59543.44921875,59543.44921875,59543.44921875,0.0,0.0,0.0,12.121451636056722,12.121451636056722
6851668,1.8872081,-41307.65625,-41307.65625,-41307.65625,44902.59765625,766365.25,1,1,3,True,True,True,86210.25390625,86210.25390625,86210.25390625,0.0,0.0,0.0,-91.99391217013562,-91.99391217013562
6851670,2.0305836,1752.427734375,1752.427734375,1752.427734375,51013.83984375,872724.5,2,1,4,True,True,True,49261.412109375,49261.412109375,49261.412109375,0.0,0.0,0.0,3.435200603880243,3.435200603880243
6851749,1.4185796,-22715.11328125,-22715.11328125,-22715.11328125,38702.7265625,774404.9375,1,0,3,True,True,True,61417.83984375,61417.83984375,61417.83984375,0.0,0.0,0.0,-58.69124813355972,-58.69124813355972
6851779,1.1071031,-7651.0546875,-7651.0546875,-7651.0546875,49440.09375,792942.1875,2,2,4,True,True,True,57091.1484375,57091.1484375,57091.1484375,0.0,0.0,0.0,-15.475404893422153,-15.475404893422153
6851818,0.42902344,9976.546875,10576.546875,10276.546875,35295.82421875,800.7890625,1,1,3,True,True,True,25319.27734375,24719.27734375,25019.27734375,600.0,300.0,300.0,28.265516093827937,29.965433897932552
6851835,93.97605,24387.0859375,25015.0546875,24715.0546875,47365.90234375,38804.17578125,2,1,4,True,True,True,22978.81640625,22350.84765625,22650.84765625,627.96875,327.96875,300.0,51.48658577327391,52.8123680743111
6851849,5.53457,50043.34375,50643.34375,50643.34375,52099.03515625,74404.83013916016,2,0,5,True,True,True,2055.69140625,1455.69140625,1455.69140625,600.0,600.0,0.0,96.05426204135108,97.20591484682156
6851905,0.21593316,-4528.0830078125,-4528.0830078125,-4528.0830078125,41066.58984375,844472.125,1,0,3,True,True,True,45594.6728515625,45594.6728515625,45594.6728515625,0.0,0.0,0.0,-11.026196781960548,-11.026196781960548
6852008,1.5544844,20243.904296875,20543.904296875,20543.904296875,37792.6328125,4797.99755859375,1,0,3,True,True,True,17548.728515625,17248.728515625,17248.728515625,300.0,300.0,0.0,53.565742289802266,54.359547795463605
6852015,1.1121548,28511.88671875,28702.140625,28702.140625,30825.341796875,23976.52734375,1,0,2,True,True,True,2313.455078125,2123.201171875,2123.201171875,190.25390625,190.25390625,0.0,92.49495725507403,93.11215691989425
6852041,2.2794778,32340.945312499996,32340.945312499996,32340.945312499996,44575.09375,903352.8125000001,7,2,9,True,True,True,12234.148437500004,12234.148437500004,12234.148437500004,0.0,0.0,0.0,72.55384698433753,72.55384698433753
6852054,0.5285679,-7153.125,-5353.125,-6253.125,57027.80078124999,-23860.375,3,3,6,True,True,True,64180.92578124999,62380.92578124999,63280.92578124999,1800.0,900.0,900.0,-12.543224360760998,-9.386869082561638
6852142,0.6305519,12888.0791015625,14088.0791015625,13788.0791015625,37562.40625,12.293009757995605,3,1,4,True,True,True,24674.3271484375,23474.3271484375,23774.3271484375,1200.0,900.0,300.0,34.3111115293965,37.50579504358164
6852172,0.64689356,12042.748046875,12042.748046875,12042.748046875,37444.59375,834556.125,3,1,5,True,True,True,25401.845703125,25401.845703125,25401.845703125,0.0,0.0,0.0,32.16151342775618,32.16151342775618
6852186,0.48558366,30927.19140625,31137.19140625,31137.19140625,38859.453125,56018.65234375,2,0,5,True,True,True,7932.26171875,7722.26171875,7722.26171875,210.0,210.0,0.0,79.58730481040448,80.12771385662674
6852270,7.8387957,25827.587890625,26727.587890625,26427.587890625,29348.873046875,0.0,2,1,3,True,True,True,3521.28515625,2621.28515625,2921.28515625,900.0,600.0,300.0,88.00197489482501,91.06853216454556
6852317,2.1337655,10883.2685546875,11783.2685546875,11483.2685546875,32342.884765625,0.0,2,1,3,True,True,True,21459.6162109375,20559.6162109375,20859.6162109375,900.0,600.0,300.0,33.649653188186136,36.43233632397292
6852342,1.1672232,-20455.453125,-20455.453125,-20455.453125,35347.703125,816107.8125,2,0,4,True,True,True,55803.15625,55803.15625,55803.15625,0.0,0.0,0.0,-57.86925688682919,-57.86925688682919
6852368,1.6706446,-16866.099609375,-16866.099609375,-16866.099609375,54046.76171874999,786921.9375,3,2,6,True,True,True,70912.861328125,70912.861328125,70912.861328125,0.0,0.0,0.0,-31.20649428941417,-31.20649428941417
6852457,0.14352225,14029.48046875,14629.48046875,14629.48046875,27680.009765625,10129.9248046875,2,0,3,True,True,True,13650.529296875,13050.529296875,13050.529296875,600.0,600.0,0.0,50.68452138399461,52.85215067704899
6852534,0.009551206,13499.7197265625,13499.7197265625,13499.7197265625,39911.140625,859766.6875,3,1,5,True,True,True,26411.4208984375,26411.4208984375,26411.4208984375,0.0,0.0,0.0,33.82443978087259,33.82443978087259
6852573,2.5700445,-18607.72265625,-18607.72265625,-18607.72265625,37821.81640625,757955.5625,2,2,4,True,True,True,56429.5390625,56429.5390625,56429.5390625,0.0,0.0,0.0,-49.19838448894565,-49.19838448894565
6852581,0.050412625,-53796.06640625001,-53796.06640625001,-53796.06640625001,46259.08984375,725213.3125,4,1,6,True,True,True,100055.15625,100055.15625,100055.15625,0.0,0.0,0.0,-116.29296336775705,-116.29296336775705
6852584,0.81870306,1106.5585937499998,1106.5585937499998,1106.5585937499998,64980.847656249985,817195.625,9,1,11,True,True,True,63874.289062499985,63874.289062499985,63874.289062499985,0.0,0.0,0.0,1.7028995983612238,1.7028995983612238
6852591,0.74027133,5752.64892578125,6352.64892578125,6352.64892578125,26826.123046875,0.0,2,0,3,True,True,True,21073.47412109375,20473.47412109375,20473.47412109375,600.0,600.0,0.0,21.444205395350192,23.68083123558652
6852634,0.66271424,-41262.6953125,-41262.6953125,-41262.6953125,37769.93359375,756673.375,2,0,4,True,True,True,79032.62890625,79032.62890625,79032.62890625,0.0,0.0,0.0,-109.24746587144641,-109.24746587144641
6852655,1.2894329,16468.26953125,17446.37890625,16846.37890625,31360.373046875,32601.388671875,2,2,3,True,True,True,14892.103515625,13913.994140625,14513.994140625,978.109375,378.109375,600.0,52.51298990172896,55.63192402135184
6852657,281.81552,42128.7578125,42128.7578125,42128.7578125,54591.51953125,59176.166015625,1,0,4,True,True,True,12462.76171875,12462.76171875,12462.76171875,0.0,0.0,0.0,77.17088326948675,77.17088326948675
6852666,214.46797,33436.80859375,34260.58203125,34260.58203125,47600.44921875,23082.64453125,3,0,4,True,True,True,14163.640625,13339.8671875,13339.8671875,823.7734375,823.7734375,0.0,70.24473327991012,71.97533341293475
6852686,29.21352,9872.767578125,10472.767578125,10172.767578125,27301.705078125,0.0,1,1,2,True,True,True,17428.9375,16828.9375,17128.9375,600.0,300.0,300.0,36.1617252470996,38.35939018517974
6852693,1.2065234,26058.140625,26658.140625,26658.140625,49952.42578125,27800.421875,2,0,4,True,True,True,23894.28515625,23294.28515625,23294.28515625,600.0,600.0,0.0,52.16591630427108,53.36705917294275
6852723,1.1143012,40407.74609375,40617.74609375,40617.74609375,49009.90625,49488.8828125,2,0,4,True,True,True,8602.16015625,8392.16015625,8392.16015625,210.0,210.0,0.0,82.4481195447094,82.87660434720787
6852726,1.6577646,-20723.65625,-20723.65625,-20723.65625,54591.51953125,817988.875,3,3,5,True,True,True,75315.17578125,75315.17578125,75315.17578125,0.0,0.0,0.0,-37.96131052578064,-37.96131052578064
6852752,0.946551,-52082.74609375,-52082.74609375,-52082.74609375,30380.0234375,745051.9375,2,2,4,True,True,True,82462.76953125,82462.76953125,82462.76953125,0.0,0.0,0.0,-171.43747831827196,-171.43747831827196
6852808,2.3889914,35377.8994140625,35377.8994140625,35377.8994140625,56807.302734375,35571.35986328125,1,0,3,True,True,True,21429.4033203125,21429.4033203125,21429.4033203125,0.0,0.0,0.0,62.27702726793042,62.27702726793042
6852835,155.65817,2740.16943359375,3040.16943359375,3040.16943359375,31843.5234375,0.0,1,0,3,True,True,True,29103.35400390625,28803.35400390625,28803.35400390625,300.0,300.0,0.0,8.605107531432388,9.547214332486664
6852883,0.4793697,2470.96484375,3370.96484375,3370.96484375,32038.080078125,0.0,3,0,4,True,True,True,29567.115234375,28667.115234375,28667.115234375,900.0,900.0,0.0,7.712587139193551,10.521744235390782
6852889,0.3766518,11133.642578125,11433.642578125,11433.642578125,29214.845703125,135.22311401367188,1,0,2,True,True,True,18081.203125,17781.203125,17781.203125,300.0,300.0,0.0,38.109537497691036,39.136412679742435
6852943,4.4508805,-8118.142578125,-7818.142578125,-7818.142578125,31218.779296875,14717.1826171875,1,0,3,True,True,True,39336.921875,39036.921875,39036.921875,300.0,300.0,0.0,-26.004035907123463,-25.043075847964356
6852957,1.1653895,13323.1884765625,13323.1884765625,13323.1884765625,37393.79296875,984842.0625,3,0,5,True,True,True,24070.6044921875,24070.6044921875,24070.6044921875,0.0,0.0,0.0,35.62941177883905,35.62941177883905
6853010,3.5422814,-21256.2734375,-21256.2734375,-21256.2734375,48168.98828125,963428.5,3,2,5,True,True,True,69425.26171875,69425.26171875,69425.26171875,0.0,0.0,0.0,-44.1285445178721,-44.1285445178721
6853012,1.3820597,-12803.5849609375,-12803.5849609375,-12803.5849609375,48168.98828125,774483.9375,3,2,5,True,True,True,60972.5732421875,60972.5732421875,60972.5732421875,0.0,0.0,0.0,-26.580556116685877,-26.580556116685877
6853083,0.78107756,-2701.3515625,-2701.3515625,-2701.3515625,40893.6484375,804639.75,3,0,5,True,True,True,43595.0,43595.0,43595.0,0.0,0.0,0.0,-6.605797393276423,-6.605797393276423
6853121,3.9496355,17492.81640625,17792.81640625,17792.81640625,25685.8046875,0.0,1,0,2,True,True,True,8192.98828125,7892.98828125,7892.98828125,300.0,300.0,0.0,68.10304998839644,69.27101028261293
6853156,1.7753348,37754.1953125,38054.1953125,38054.1953125,40952.015625,42965.798828125,1,0,4,True,True,True,3197.8203125,2897.8203125,2897.8203125,300.0,300.0,0.0,92.1912993446217,92.92386401920845
6853177,0.6852607,-26963.75390625,-26963.75390625,-26963.75390625,43526.65234375,779938.625,4,2,6,True,True,True,70490.40625,70490.40625,70490.40625,0.0,0.0,0.0,-61.94768596790957,-61.94768596790957
6853222,406.87204,35706.42578125,37841.18359375,36641.18359375,38514.65625,28123.216796875,4,4,5,True,True,True,2808.23046875,673.47265625,1873.47265625,2134.7578125,934.7578125,1200.0,92.70867056291071,98.25138603891862
6853245,2.6026857,3690.673828125,3690.673828125,3690.673828125,33224.875,810434.5625,2,0,4,True,True,True,29534.201171875,29534.201171875,29534.201171875,0.0,0.0,0.0,11.10816467518689,11.10816467518689
6853287,0.9604777,-44428.2421875,-44428.2421875,-44428.2421875,47752.85546875,759677.125,4,0,6,True,True,True,92181.09765625,92181.09765625,92181.09765625,0.0,0.0,0.0,-93.03787543464146,-93.03787543464146
6853301,3.1333792,24624.96484375,24624.96484375,24624.96484375,33496.171875,841563.875,2,1,4,True,True,True,8871.20703125,8871.20703125,8871.20703125,0.0,0.0,0.0,73.51575856382843,73.51575856382843
6853306,0.17964584,-1234.68115234375,-934.68115234375,-934.68115234375,24821.107421875,0.0,1,0,2,True,True,True,26055.78857421875,25755.78857421875,25755.78857421875,300.0,300.0,0.0,-4.974319361978256,-3.765670630473198
6853307,43.93537,24951.41015625,25551.41015625,25251.41015625,26238.12890625,7293.50732421875,1,1,2,True,True,True,1286.71875,686.71875,986.71875,600.0,300.0,300.0,95.09599653771997,97.3827449645755
6853346,1.0649512,-20114.69140625,-20114.69140625,-20114.69140625,44820.453125,781727.5625,2,0,4,True,True,True,64935.14453125,64935.14453125,64935.14453125,0.0,0.0,0.0,-44.87837583915547,-44.87837583915547
6853355,5.1455083,-6468.7724609375,-6468.7724609375,-6468.7724609375,45609.48828125,788791.8125,2,2,4,True,True,True,52078.2607421875,52078.2607421875,52078.2607421875,0.0,0.0,0.0,-14.182953382524143,-14.182953382524143
6853443,1.7065916,-16182.818359375,-15882.818359375,-15882.818359375,36148.62890625,-2771.570068359375,1,0,3,True,True,True,52331.447265625,52031.447265625,52031.447265625,300.0,300.0,0.0,-44.7674472006794,-43.937540205373885
6853454,0.5151544,19643.8671875,20543.8671875,20543.8671875,45045.2734375,1113.2460250854492,3,0,5,True,True,True,25401.40625,24501.40625,24501.40625,900.0,900.0,0.0,43.60916404416043,45.60715391372742
6853464,0.843121,25202.787109375,26102.787109375,26102.787109375,33369.7109375,12938.2626953125,3,0,4,True,True,True,8166.923828125,7266.923828125,7266.923828125,900.0,900.0,0.0,75.52593774809351,78.22299437434256
6853478,3.3228347,37019.99609375,37019.99609375,37019.99609375,40476.43359375,874265.875,2,1,4,True,True,True,3456.4375,3456.4375,3456.4375,0.0,0.0,0.0,91.46061746770667,91.46061746770667
6853491,1.2952445,-32895.80078125,-32895.80078125,-32895.80078125,42009.109375,768258.375,3,1,5,True,True,True,74904.91015625,74904.91015625,74904.91015625,0.0,0.0,0.0,-78.30635133823282,-78.30635133823282
6853550,125.30002,27515.22265625,29015.22265625,28415.22265625,37443.51171875,7368.3134765625,3,2,4,True,True,True,9928.2890625,8428.2890625,9028.2890625,1500.0,900.0,600.0,73.4846209482847,77.49065545505579
6853563,14.506865,-34852.859375,-34852.859375,-34852.859375,34016.0703125,774723.25,1,0,3,True,True,True,68868.9296875,68868.9296875,68868.9296875,0.0,0.0,0.0,-102.4599815758039,-102.4599815758039
6853614,1.0082306,-13835.6689453125,-13835.6689453125,-13835.6689453125,34565.15234375,800404.8125,2,0,4,True,True,True,48400.8212890625,48400.8212890625,48400.8212890625,0.0,0.0,0.0,-40.027796804472175,-40.027796804472175
6853615,0.079719864,-51607.91015625,-51607.91015625,-51607.91015625,34565.15234375,739117.5625,2,2,4,True,True,True,86173.0625,86173.0625,86173.0625,0.0,0.0,0.0,-149.3061845728611,-149.3061845728611
6853640,0.6907386,18787.255859375,18787.255859375,18787.255859375,37908.28515625,832808.8125,1,1,3,True,True,True,19121.029296875,19121.029296875,19121.029296875,0.0,0.0,0.0,49.55976188829928,49.55976188829928
6853681,1.7934595,35580.12109375,35880.12109375,35880.12109375,49111.5078125,36640.578125,1,0,5,True,True,True,13531.38671875,13231.38671875,13231.38671875,300.0,300.0,0.0,72.44762516677211,73.05847996101983
6853721,24.701376,-461871.3437500001,-461661.3437500001,-461661.3437500001,53228.54296874999,469179.31640625,2,0,7,True,True,True,515099.8867187501,514889.8867187501,514889.8867187501,210.0,210.0,0.0,-867.713670128376,-867.3191449576921
6853732,0.6255475,-13591.36328125,-13591.36328125,-13591.36328125,46737.91796875,771618.6875,3,1,5,True,True,True,60329.28125,60329.28125,60329.28125,0.0,0.0,0.0,-29.079950224435507,-29.079950224435507
6853760,0.24157703,37218.4296875,37521.5859375,37521.5859375,37873.69921875,46465.8515625,2,0,4,True,True,True,655.26953125,352.11328125,352.11328125,303.15625,303.15625,0.0,98.2698560088749,99.07029604048901
6853766,18.202988,5842.2080078125,6442.2080078125,6142.2080078125,27342.77734375,0.0,1,1,2,True,True,True,21500.5693359375,20900.5693359375,21200.5693359375,600.0,300.0,300.0,21.366549324397397,23.56091309533725
6853784,8.892222,49261.8515625,49261.8515625,49261.8515625,59046.8671875,1069960.7958984375,1,0,7,True,True,True,9785.015625,9785.015625,9785.015625,0.0,0.0,0.0,83.42839156236988,83.42839156236988
6854020,0.35848105,-47974.62109375,-47974.62109375,-47974.62109375,43814.1640625,753617.0625,2,0,4,True,True,True,91788.78515625,91788.78515625,91788.78515625,0.0,0.0,0.0,-109.49568962519791,-109.49568962519791
6854055,1.5392889,37453.44140625,38053.44140625,38053.44140625,62650.49218749999,31975.931640625,2,0,6,True,True,True,25197.050781249993,24597.050781249993,24597.050781249993,600.0,600.0,0.0,59.78155972687267,60.73925371945028
6854060,1.6383915,10216.7998046875,10516.7998046875,10516.7998046875,31826.228515625,4399.54638671875,1,0,2,True,True,True,21609.4287109375,21309.4287109375,21309.4287109375,300.0,300.0,0.0,32.101823813875995,33.04444257202611
6854071,4.954619,-43389.8359375,-43389.8359375,-43389.8359375,43401.26953125,743484.375,1,1,3,True,True,True,86791.10546875,86791.10546875,86791.10546875,0.0,0.0,0.0,-99.97365608454894,-99.97365608454894
6854097,1.4696342,-31448.5078125,-31448.5078125,-31448.5078125,44799.9140625,762081.375,1,1,3,True,True,True,76248.421875,76248.421875,76248.421875,0.0,0.0,0.0,-70.1976967380483,-70.1976967380483
6854193,0.29392496,19038.771484375,19038.771484375,19038.771484375,41372.4765625,837792.6875,2,1,4,True,True,True,22333.705078125,22333.705078125,22333.705078125,0.0,0.0,0.0,46.01796427538915,46.01796427538915
6854207,2.1817281,6176.4326171875,7376.43359375,6776.4326171875,42040.453125,821.4227294921875,2,2,4,True,True,True,35864.0205078125,34664.01953125,35264.0205078125,1200.0009765625,600.0,600.0009765625,14.691641402681718,17.546037317479556
6854218,89.21804,4725.44970703125,5025.44970703125,5025.44970703125,37375.41796875,-31.10395050048828,1,0,3,True,True,True,32649.96826171875,32349.96826171875,32349.96826171875,300.0,300.0,0.0,12.643202307415669,13.44586891639067
6854222,14.872412,-443240.625,-442340.625,-442640.625,65937.4140625,535713.4931640625,3,1,8,True,True,True,509178.0390625,508278.0390625,508578.0390625,900.0,600.0,300.0,-672.2141462506645,-670.8492155617738
6854239,22.897812,72082.3125,73282.3125,72982.3125,95013.9140625,110868.947265625,3,1,9,True,True,True,22931.6015625,21731.6015625,22031.6015625,1200.0,900.0,300.0,75.86500694265091,77.1279798575554
6854244,1.6996388,-11740.146484375,-11740.146484375,-11740.146484375,44902.59765625,822252.9375,1,1,3,True,True,True,56642.744140625,56642.744140625,56642.744140625,0.0,0.0,0.0,-26.14580691801221,-26.14580691801221
